{
  "prepare_queue": {
    "installed": [],
    "uninstalled": []
  },
  "config_munge": {
    "files": {}
  },
  "installed_plugins": {
    "cordova-plugin-screen-orientation": {
      "PACKAGE_NAME": "io.tubbadu.biscottino"
    },
    "cordova-plugin-tts": {
      "PACKAGE_NAME": "io.tubbadu.biscottino"
    },
    "es6-promise-plugin": {
      "PACKAGE_NAME": "io.tubbadu.biscottino"
    }
  },
  "dependent_plugins": {},
  "modules": [
    {
      "file": "plugins/cordova-plugin-screen-orientation/www/screenorientation.js",
      "id": "cordova-plugin-screen-orientation.screenorientation",
      "pluginId": "cordova-plugin-screen-orientation",
      "clobbers": [
        "cordova.plugins.screenorientation"
      ]
    },
    {
      "file": "plugins/cordova-plugin-tts/www/tts.js",
      "id": "cordova-plugin-tts.tts",
      "pluginId": "cordova-plugin-tts",
      "clobbers": [
        "TTS"
      ]
    },
    {
      "file": "plugins/es6-promise-plugin/www/promise.js",
      "id": "es6-promise-plugin.Promise",
      "pluginId": "es6-promise-plugin",
      "runs": true
    }
  ],
  "plugin_metadata": {
    "cordova-plugin-screen-orientation": "3.0.2",
    "cordova-plugin-tts": "0.2.3",
    "es6-promise-plugin": "4.2.2"
  }
}
